﻿<?xml version="1.0" encoding="utf-8" ?>

<Defs>
  <FacialAnimation.FaceAnimationDef>
    <defName>Horan_DoBill</defName>
	<raceName>Horan</raceName>
    <animationFrames>
      <li>
        <duration>1</duration>
        <lidOffset>(0,0,-0.00125)</lidOffset>
        <eyeballOffset>(0.0,0,-0.01)</eyeballOffset>
        <headOffset>(0,0,-0.0007)</headOffset>
        <browShapeDef>normal</browShapeDef>
        <browOffset>(0,0,-0.00325)</browOffset>
        <mouthOffset>(0,0,-0.00125)</mouthOffset>
      </li>
    </animationFrames>
    <roopIntervalMin>0</roopIntervalMin>
    <roopIntervalMax>0</roopIntervalMax>
    <targetJobs>
      <li>DoBill</li>
    </targetJobs>
    <priority>10000</priority>
    <applyWhenStandingOnly>true</applyWhenStandingOnly>
  </FacialAnimation.FaceAnimationDef>

  <FacialAnimation.FaceAnimationDef>
    <defName>Horan_DoBill2</defName>
	<raceName>Horan</raceName>
    <animationFrames>
      <li>
        <duration>3</duration>
        <eyeballOffset>(0.0,0,-0.00375)</eyeballOffset>
        <headOffset>(0,0,-0.0035)</headOffset>
        <browShapeDef>normal</browShapeDef>
        <browOffset>(0,0,-0.00025)</browOffset>
        <mouthOffset>(0,0,-0.000625)</mouthOffset>
      </li>
      <li>
        <duration>6</duration>
        <eyeballOffset>(0.0,0,-0.00525)</eyeballOffset>
        <headOffset>(0,0,-0.0075)</headOffset>
        <browShapeDef>normal</browShapeDef>
        <browOffset>(0,0,-0.00375)</browOffset>
        <mouthOffset>(0,0,-0.00125)</mouthOffset>
      </li>
      <li>
        <duration>3</duration>
        <eyeballOffset>(0.0,0,-0.00375)</eyeballOffset>
        <headOffset>(0,0,-0.0035)</headOffset>
        <browShapeDef>normal</browShapeDef>
        <browOffset>(0,0,-0.00025)</browOffset>
        <mouthOffset>(0,0,-0.000625)</mouthOffset>
      </li>
    </animationFrames>
    <roopIntervalMin>100</roopIntervalMin>
    <roopIntervalMax>200</roopIntervalMax>
    <targetJobs>
      <li>DoBill</li>
    </targetJobs>
    <priority>10001</priority>
    <applyWhenStandingOnly>true</applyWhenStandingOnly>
  </FacialAnimation.FaceAnimationDef>
  
  <!-- -->
  
    <FacialAnimation.FaceAnimationDef>
    <defName>Horan_Spirit_DoBill</defName>
	<raceName>Horan_Spirit</raceName>
    <animationFrames>
      <li>
        <duration>1</duration>
        <lidOffset>(0,0,-0.00125)</lidOffset>
        <eyeballOffset>(0.0,0,-0.01)</eyeballOffset>
        <headOffset>(0,0,-0.0007)</headOffset>
        <browShapeDef>normal</browShapeDef>
        <browOffset>(0,0,-0.00325)</browOffset>
        <mouthOffset>(0,0,-0.00125)</mouthOffset>
      </li>
    </animationFrames>
    <roopIntervalMin>0</roopIntervalMin>
    <roopIntervalMax>0</roopIntervalMax>
    <targetJobs>
      <li>DoBill</li>
    </targetJobs>
    <priority>10000</priority>
    <applyWhenStandingOnly>true</applyWhenStandingOnly>
  </FacialAnimation.FaceAnimationDef>

  <FacialAnimation.FaceAnimationDef>
    <defName>Horan_Spirit_DoBill2</defName>
	<raceName>Horan_Spirit</raceName>
    <animationFrames>
      <li>
        <duration>3</duration>
        <eyeballOffset>(0.0,0,-0.00375)</eyeballOffset>
        <headOffset>(0,0,-0.0035)</headOffset>
        <browShapeDef>normal</browShapeDef>
        <browOffset>(0,0,-0.00025)</browOffset>
        <mouthOffset>(0,0,-0.000625)</mouthOffset>
      </li>
      <li>
        <duration>6</duration>
        <eyeballOffset>(0.0,0,-0.00525)</eyeballOffset>
        <headOffset>(0,0,-0.0075)</headOffset>
        <browShapeDef>normal</browShapeDef>
        <browOffset>(0,0,-0.00375)</browOffset>
        <mouthOffset>(0,0,-0.00125)</mouthOffset>
      </li>
      <li>
        <duration>3</duration>
        <eyeballOffset>(0.0,0,-0.00375)</eyeballOffset>
        <headOffset>(0,0,-0.0035)</headOffset>
        <browShapeDef>normal</browShapeDef>
        <browOffset>(0,0,-0.00025)</browOffset>
        <mouthOffset>(0,0,-0.000625)</mouthOffset>
      </li>
    </animationFrames>
    <roopIntervalMin>100</roopIntervalMin>
    <roopIntervalMax>200</roopIntervalMax>
    <targetJobs>
      <li>DoBill</li>
    </targetJobs>
    <priority>10001</priority>
    <applyWhenStandingOnly>true</applyWhenStandingOnly>
  </FacialAnimation.FaceAnimationDef>
</Defs>