﻿<?xml version="1.0" encoding="utf-8" ?>

<Defs>
  <FacialAnimation.FaceAnimationDef>
    <defName>Horan_FleeAndCower</defName>
	<raceName>Horan</raceName>
    <animationFrames>
      <li>
        <duration>1</duration>
        <browShapeDef>s-shaped</browShapeDef>
        <emotionShapeDef>gloomy</emotionShapeDef>
        <mouthShapeDef>puzzle</mouthShapeDef>
      </li>
    </animationFrames>
    <targetJobs>
      <li>FleeAndCower</li>
      <li>FleeAndCowerShort</li>
    </targetJobs>
    <priority>10200</priority>
  </FacialAnimation.FaceAnimationDef>
  
  <FacialAnimation.FaceAnimationDef>
    <defName>Horan_Spirit_FleeAndCower</defName>
	<raceName>Horan_Spirit</raceName>
    <animationFrames>
      <li>
        <duration>1</duration>
        <browShapeDef>s-shaped</browShapeDef>
        <emotionShapeDef>gloomy</emotionShapeDef>
        <mouthShapeDef>puzzle</mouthShapeDef>
      </li>
    </animationFrames>
    <targetJobs>
      <li>FleeAndCower</li>
      <li>FleeAndCowerShort</li>
    </targetJobs>
    <priority>10200</priority>
  </FacialAnimation.FaceAnimationDef>
</Defs>