﻿<?xml version="1.0" encoding="utf-8" ?>

<Defs>
  <FacialAnimation.FaceAnimationDef>
    <defName>Horan_Goto</defName>
	<raceName>Horan</raceName>
    <animationFrames>
      <li>
        <duration>1</duration>
        <browShapeDef>angled</browShapeDef>
        <mouthShapeDef>tight</mouthShapeDef>
        <headOffset>(0.0,0,-0.0025)</headOffset>
      </li>
    </animationFrames>
    <targetJobs>
      <li>Goto</li>
    </targetJobs>
    <priority>10300</priority>
  </FacialAnimation.FaceAnimationDef>
</Defs>