﻿<?xml version="1.0" encoding="utf-8" ?>

<Defs>
  <FacialAnimation.FaceAnimationDef>
    <defName>Horan_Haul</defName>
	<raceName>Horan</raceName>
    <animationFrames>
      <li>
        <faceAnimationDef>HaulSub</faceAnimationDef>
      </li>
    </animationFrames>
    <roopIntervalMin>0</roopIntervalMin>
    <roopIntervalMax>0</roopIntervalMax>
    <targetJobs>
      <li>HaulToCell</li>
      <li>HaulToContainer</li>
    </targetJobs>
    <priority>10000</priority>
  </FacialAnimation.FaceAnimationDef>

  <FacialAnimation.FaceAnimationDef>
    <defName>Horan_HaulSub</defName>
	<raceName>Horan</raceName>
    <animationFrames>
      <li>
        <duration>1</duration>
        <eyeballOffsetL>+0.003,0,-0.008</eyeballOffsetL>
        <eyeballOffsetR>-0.003,0,-0.008</eyeballOffsetR>
      </li>
    </animationFrames>
    <targetJobs/>
  </FacialAnimation.FaceAnimationDef>


  <FacialAnimation.FaceAnimationDef>
    <defName>Horan_Haul2</defName>
	<raceName>Horan</raceName>
    <animationFrames>
      <li>
        <faceAnimationDef>HaulSub2</faceAnimationDef>
      </li>
    </animationFrames>
    <roopIntervalMin>300</roopIntervalMin>
    <roopIntervalMax>1000</roopIntervalMax>
    <targetJobs>
      <li>HaulToCell</li>
      <li>HaulToContainer</li>
    </targetJobs>
    <priority>10001</priority>
  </FacialAnimation.FaceAnimationDef>

  <FacialAnimation.FaceAnimationDef>
    <defName>Horan_HaulSub2</defName>
	<raceName>Horan</raceName>
    <animationFrames>
      <li>
        <duration>2</duration>
        <lidShapeDef>half</lidShapeDef>
        <mouthShapeDef>normal</mouthShapeDef>
      </li>
      <li>
        <duration>3</duration>
        <lidOffset>0,0,-0.005</lidOffset>
        <lidShapeDef>half</lidShapeDef>
        <mouthShapeDef>normal</mouthShapeDef>
        <headOffset>0,0,-0.005</headOffset>
      </li>
      <li>
        <duration>7</duration>
        <lidShapeDef>close</lidShapeDef>
        <mouthShapeDef>normal</mouthShapeDef>
        <headOffset>0,0,-0.01</headOffset>
      </li>
      <li>
        <duration>4</duration>
        <lidOffset>0,0,-0.005</lidOffset>
        <eyeballOffset>0,0,+0.006</eyeballOffset>
        <lidShapeDef>half</lidShapeDef>
        <mouthShapeDef>normal</mouthShapeDef>
      </li>
      <li>
        <duration>64</duration>
        <eyeballOffset>0,0,+0.012</eyeballOffset>
        <lidShapeDef>normal</lidShapeDef>
        <mouthShapeDef>normal</mouthShapeDef>
        <headOffset>0,0,0.005</headOffset>
      </li>
      <li>
        <duration>4</duration>
        <lidOffset>0,0,-0.005</lidOffset>
        <eyeballOffset>0,0,+0.006</eyeballOffset>
        <lidShapeDef>half</lidShapeDef>
        <mouthShapeDef>normal</mouthShapeDef>
        <headOffset>0,0,-0.005</headOffset>
      </li>
      <li>
        <duration>6</duration>
        <lidShapeDef>close</lidShapeDef>
        <mouthShapeDef>normal</mouthShapeDef>
        <headOffset>0,0,-0.01</headOffset>
      </li>
      <li>
        <duration>3</duration>
        <lidOffset>0,0,-0.005</lidOffset>
        <lidShapeDef>half</lidShapeDef>
        <mouthShapeDef>normal</mouthShapeDef>
        <headOffset>0,0,-0.005</headOffset>
      </li>
    </animationFrames>
    <targetJobs/>
  </FacialAnimation.FaceAnimationDef>
  
  <!-- -->
  
    <FacialAnimation.FaceAnimationDef>
    <defName>Horan_Spirit_Haul</defName>
	<raceName>Horan_Spirit</raceName>
    <animationFrames>
      <li>
        <faceAnimationDef>HaulSub</faceAnimationDef>
      </li>
    </animationFrames>
    <roopIntervalMin>0</roopIntervalMin>
    <roopIntervalMax>0</roopIntervalMax>
    <targetJobs>
      <li>HaulToCell</li>
      <li>HaulToContainer</li>
    </targetJobs>
    <priority>10000</priority>
  </FacialAnimation.FaceAnimationDef>

  <FacialAnimation.FaceAnimationDef>
    <defName>Horan_Spirit_HaulSub</defName>
	<raceName>Horan_Spirit</raceName>
    <animationFrames>
      <li>
        <duration>1</duration>
        <eyeballOffsetL>+0.003,0,-0.008</eyeballOffsetL>
        <eyeballOffsetR>-0.003,0,-0.008</eyeballOffsetR>
      </li>
    </animationFrames>
    <targetJobs/>
  </FacialAnimation.FaceAnimationDef>


  <FacialAnimation.FaceAnimationDef>
    <defName>Horan_Spirit_Haul2</defName>
	<raceName>Horan_Spirit</raceName>
    <animationFrames>
      <li>
        <faceAnimationDef>HaulSub2</faceAnimationDef>
      </li>
    </animationFrames>
    <roopIntervalMin>300</roopIntervalMin>
    <roopIntervalMax>1000</roopIntervalMax>
    <targetJobs>
      <li>HaulToCell</li>
      <li>HaulToContainer</li>
    </targetJobs>
    <priority>10001</priority>
  </FacialAnimation.FaceAnimationDef>

  <FacialAnimation.FaceAnimationDef>
    <defName>Horan_Spirit_HaulSub2</defName>
	<raceName>Horan_Spirit</raceName>
    <animationFrames>
      <li>
        <duration>2</duration>
        <lidShapeDef>half</lidShapeDef>
        <mouthShapeDef>normal</mouthShapeDef>
      </li>
      <li>
        <duration>3</duration>
        <lidOffset>0,0,-0.005</lidOffset>
        <lidShapeDef>half</lidShapeDef>
        <mouthShapeDef>normal</mouthShapeDef>
        <headOffset>0,0,-0.005</headOffset>
      </li>
      <li>
        <duration>7</duration>
        <lidShapeDef>close</lidShapeDef>
        <mouthShapeDef>normal</mouthShapeDef>
        <headOffset>0,0,-0.01</headOffset>
      </li>
      <li>
        <duration>4</duration>
        <lidOffset>0,0,-0.005</lidOffset>
        <eyeballOffset>0,0,+0.006</eyeballOffset>
        <lidShapeDef>half</lidShapeDef>
        <mouthShapeDef>normal</mouthShapeDef>
      </li>
      <li>
        <duration>64</duration>
        <eyeballOffset>0,0,+0.012</eyeballOffset>
        <lidShapeDef>normal</lidShapeDef>
        <mouthShapeDef>normal</mouthShapeDef>
        <headOffset>0,0,0.005</headOffset>
      </li>
      <li>
        <duration>4</duration>
        <lidOffset>0,0,-0.005</lidOffset>
        <eyeballOffset>0,0,+0.006</eyeballOffset>
        <lidShapeDef>half</lidShapeDef>
        <mouthShapeDef>normal</mouthShapeDef>
        <headOffset>0,0,-0.005</headOffset>
      </li>
      <li>
        <duration>6</duration>
        <lidShapeDef>close</lidShapeDef>
        <mouthShapeDef>normal</mouthShapeDef>
        <headOffset>0,0,-0.01</headOffset>
      </li>
      <li>
        <duration>3</duration>
        <lidOffset>0,0,-0.005</lidOffset>
        <lidShapeDef>half</lidShapeDef>
        <mouthShapeDef>normal</mouthShapeDef>
        <headOffset>0,0,-0.005</headOffset>
      </li>
    </animationFrames>
    <targetJobs/>
  </FacialAnimation.FaceAnimationDef>

</Defs>