﻿<?xml version="1.0" encoding="utf-8" ?>

<Defs>
  <FacialAnimation.FaceAnimationDef>
    <defName>Horan_Lovin</defName>
	<raceName>Horan</raceName>
    <animationFrames>
      <li>
        <faceAnimationDef>LovinRepeat</faceAnimationDef>
        <faceAnimationRepeatCount>1</faceAnimationRepeatCount>
      </li>
    </animationFrames>
    <applyWhenStandingOnly>true</applyWhenStandingOnly>
    <targetJobs>
      <li>Lovin</li>
      <li>MLI_Jobs_MassLoveIn</li>
      <li>MLI_Jobs_SingleLoveIn</li>
    </targetJobs>
    <priority>10400</priority>
  </FacialAnimation.FaceAnimationDef>

  <FacialAnimation.FaceAnimationDef>
    <defName>Horan_LovinRepeat</defName>
	<raceName>Horan</raceName>
    <animationFrames>
      <li>
        <duration>5</duration>
        <browShapeDef>s-shaped</browShapeDef>
        <headOffset>0.0,0,-0.00625</headOffset>
        <browOffset>0.0,0,-0.005</browOffset>
        <lidShapeDef>close</lidShapeDef>
        <lidOffset>0.0,0,-0.000</lidOffset>
        <eyeballOffset>0.0,0,0.0075</eyeballOffset>
        <mouthOffset>0,0,0.0005</mouthOffset>
        <headShapeDef>blush</headShapeDef>
      </li>
      <li>
        <duration>2</duration>
        <browShapeDef>s-shaped</browShapeDef>
        <headOffset>0.0,0,-0.0075</headOffset>
        <browOffset>0.0,0,-0.005</browOffset>
        <lidShapeDef>close</lidShapeDef>
        <lidOffset>0.0,0,-0.001</lidOffset>
        <eyeballOffset>0.0,0,0.0075</eyeballOffset>
        <headShapeDef>blush</headShapeDef>
      </li>
      <li>
        <duration>7</duration>
        <browShapeDef>s-shaped</browShapeDef>
        <headOffset>0.0,0,-0.01125</headOffset>
        <browOffset>0.0,0,-0.0075</browOffset>
        <lidShapeDef>close</lidShapeDef>
        <lidOffset>0.0,0,-0.0015</lidOffset>
        <eyeballOffset>0.0,0,0.0075</eyeballOffset>
        <mouthOffset>0,0,-0.001</mouthOffset>
        <headShapeDef>blush</headShapeDef>
      </li>
      <li>
        <duration>4</duration>
        <browShapeDef>s-shaped</browShapeDef>
        <headOffset>0.0,0,-0.012</headOffset>
        <browOffset>0.0,0,-0.01</browOffset>
        <lidShapeDef>close</lidShapeDef>
        <lidOffset>0.0,0,-0.0025</lidOffset>
        <eyeballOffset>0.0,0,0.0075</eyeballOffset>
        <mouthOffset>0,0,-0.00275</mouthOffset>
        <headShapeDef>blush</headShapeDef>
      </li>
      <li>
        <duration>2</duration>
        <browShapeDef>s-shaped</browShapeDef>
        <headOffset>0.0,0,-0.0035</headOffset>
        <browOffset>0.0,0,-0.006</browOffset>
        <lidShapeDef>close</lidShapeDef>
        <lidOffset>0.0,0,-0.00075</lidOffset>
        <eyeballOffset>0.0,0,0.0075</eyeballOffset>
        <mouthOffset>0,0,-0.00225</mouthOffset>
        <headShapeDef>blush</headShapeDef>
      </li>
      <li>
        <duration>4</duration>
        <browShapeDef>s-shaped</browShapeDef>
        <headOffset>0.0,0,0.00075</headOffset>
        <browOffset>0.0,0,0.00175</browOffset>
        <lidShapeDef>close</lidShapeDef>
        <lidOffset>0.0,0,0.001</lidOffset>
        <eyeballOffset>0.0,0,0.0075</eyeballOffset>
        <mouthOffset>0,0,0.00025</mouthOffset>
        <headShapeDef>blush</headShapeDef>
      </li>
    </animationFrames>
    <targetJobs/>
  </FacialAnimation.FaceAnimationDef>

  <FacialAnimation.FaceAnimationDef>
    <defName>Horan_Lovin2</defName>
	<raceName>Horan</raceName>
    <animationFrames>
      <li>
        <duration>240</duration>
        <browShapeDef>s-shaped</browShapeDef>
        <mouthShapeDef>open</mouthShapeDef>
        <headShapeDef>blush</headShapeDef>
        <lidShapeDef>close</lidShapeDef>
      </li>
      <li>
        <duration>240</duration>
        <browShapeDef>s-shaped</browShapeDef>
        <eyeballOffset>0,0,-0.03</eyeballOffset>
        <headShapeDef>blush</headShapeDef>
        <lidShapeDef>half</lidShapeDef>
      </li>
      <li>
        <duration>240</duration>
        <browShapeDef>s-shaped</browShapeDef>
        <mouthShapeDef>open</mouthShapeDef>
        <headShapeDef>blush</headShapeDef>
        <lidShapeDef>close</lidShapeDef>
      </li>
      <li>
        <duration>240</duration>
        <browShapeDef>flat</browShapeDef>
        <eyeballOffset>0,0,0.002</eyeballOffset>
        <eyeballOffsetL>+0.0025,0,0</eyeballOffsetL>
        <eyeballOffsetR>-0.0025,0,0</eyeballOffsetR>
        <mouthShapeDef>open</mouthShapeDef>
        <headShapeDef>blush</headShapeDef>
        <lidShapeDef>half</lidShapeDef>
      </li>
    </animationFrames>
    <roopIntervalMin>0</roopIntervalMin>
    <roopIntervalMax>0</roopIntervalMax>
    <applyWhenStandingOnly>true</applyWhenStandingOnly>
    <targetJobs>
      <li>Lovin</li>
      <li>MLI_Jobs_MassLoveIn</li>
      <li>MLI_Jobs_SingleLoveIn</li>
    </targetJobs>
    <priority>10500</priority>
  </FacialAnimation.FaceAnimationDef>
  
  <!-- -->
  
    <FacialAnimation.FaceAnimationDef>
    <defName>Horan_Spirit_Lovin</defName>
	<raceName>Horan_Spirit</raceName>
    <animationFrames>
      <li>
        <faceAnimationDef>LovinRepeat</faceAnimationDef>
        <faceAnimationRepeatCount>1</faceAnimationRepeatCount>
      </li>
    </animationFrames>
    <applyWhenStandingOnly>true</applyWhenStandingOnly>
    <targetJobs>
      <li>Lovin</li>
      <li>MLI_Jobs_MassLoveIn</li>
      <li>MLI_Jobs_SingleLoveIn</li>
    </targetJobs>
    <priority>10400</priority>
  </FacialAnimation.FaceAnimationDef>

  <FacialAnimation.FaceAnimationDef>
    <defName>Horan_Spirit_LovinRepeat</defName>
	<raceName>Horan_Spirit</raceName>
    <animationFrames>
      <li>
        <duration>5</duration>
        <browShapeDef>s-shaped</browShapeDef>
        <headOffset>0.0,0,-0.00625</headOffset>
        <browOffset>0.0,0,-0.005</browOffset>
        <lidShapeDef>close</lidShapeDef>
        <lidOffset>0.0,0,-0.000</lidOffset>
        <eyeballOffset>0.0,0,0.0075</eyeballOffset>
        <mouthOffset>0,0,0.0005</mouthOffset>
        <headShapeDef>blush</headShapeDef>
      </li>
      <li>
        <duration>2</duration>
        <browShapeDef>s-shaped</browShapeDef>
        <headOffset>0.0,0,-0.0075</headOffset>
        <browOffset>0.0,0,-0.005</browOffset>
        <lidShapeDef>close</lidShapeDef>
        <lidOffset>0.0,0,-0.001</lidOffset>
        <eyeballOffset>0.0,0,0.0075</eyeballOffset>
        <headShapeDef>blush</headShapeDef>
      </li>
      <li>
        <duration>7</duration>
        <browShapeDef>s-shaped</browShapeDef>
        <headOffset>0.0,0,-0.01125</headOffset>
        <browOffset>0.0,0,-0.0075</browOffset>
        <lidShapeDef>close</lidShapeDef>
        <lidOffset>0.0,0,-0.0015</lidOffset>
        <eyeballOffset>0.0,0,0.0075</eyeballOffset>
        <mouthOffset>0,0,-0.001</mouthOffset>
        <headShapeDef>blush</headShapeDef>
      </li>
      <li>
        <duration>4</duration>
        <browShapeDef>s-shaped</browShapeDef>
        <headOffset>0.0,0,-0.012</headOffset>
        <browOffset>0.0,0,-0.01</browOffset>
        <lidShapeDef>close</lidShapeDef>
        <lidOffset>0.0,0,-0.0025</lidOffset>
        <eyeballOffset>0.0,0,0.0075</eyeballOffset>
        <mouthOffset>0,0,-0.00275</mouthOffset>
        <headShapeDef>blush</headShapeDef>
      </li>
      <li>
        <duration>2</duration>
        <browShapeDef>s-shaped</browShapeDef>
        <headOffset>0.0,0,-0.0035</headOffset>
        <browOffset>0.0,0,-0.006</browOffset>
        <lidShapeDef>close</lidShapeDef>
        <lidOffset>0.0,0,-0.00075</lidOffset>
        <eyeballOffset>0.0,0,0.0075</eyeballOffset>
        <mouthOffset>0,0,-0.00225</mouthOffset>
        <headShapeDef>blush</headShapeDef>
      </li>
      <li>
        <duration>4</duration>
        <browShapeDef>s-shaped</browShapeDef>
        <headOffset>0.0,0,0.00075</headOffset>
        <browOffset>0.0,0,0.00175</browOffset>
        <lidShapeDef>close</lidShapeDef>
        <lidOffset>0.0,0,0.001</lidOffset>
        <eyeballOffset>0.0,0,0.0075</eyeballOffset>
        <mouthOffset>0,0,0.00025</mouthOffset>
        <headShapeDef>blush</headShapeDef>
      </li>
    </animationFrames>
    <targetJobs/>
  </FacialAnimation.FaceAnimationDef>

  <FacialAnimation.FaceAnimationDef>
    <defName>Horan_Spirit_Lovin2</defName>
	<raceName>Horan_Spirit</raceName>
    <animationFrames>
      <li>
        <duration>240</duration>
        <browShapeDef>s-shaped</browShapeDef>
        <mouthShapeDef>open</mouthShapeDef>
        <headShapeDef>blush</headShapeDef>
        <lidShapeDef>close</lidShapeDef>
      </li>
      <li>
        <duration>240</duration>
        <browShapeDef>s-shaped</browShapeDef>
        <eyeballOffset>0,0,-0.03</eyeballOffset>
        <headShapeDef>blush</headShapeDef>
        <lidShapeDef>half</lidShapeDef>
      </li>
      <li>
        <duration>240</duration>
        <browShapeDef>s-shaped</browShapeDef>
        <mouthShapeDef>open</mouthShapeDef>
        <headShapeDef>blush</headShapeDef>
        <lidShapeDef>close</lidShapeDef>
      </li>
      <li>
        <duration>240</duration>
        <browShapeDef>flat</browShapeDef>
        <eyeballOffset>0,0,0.002</eyeballOffset>
        <eyeballOffsetL>+0.0025,0,0</eyeballOffsetL>
        <eyeballOffsetR>-0.0025,0,0</eyeballOffsetR>
        <mouthShapeDef>open</mouthShapeDef>
        <headShapeDef>blush</headShapeDef>
        <lidShapeDef>half</lidShapeDef>
      </li>
    </animationFrames>
    <roopIntervalMin>0</roopIntervalMin>
    <roopIntervalMax>0</roopIntervalMax>
    <applyWhenStandingOnly>true</applyWhenStandingOnly>
    <targetJobs>
      <li>Lovin</li>
      <li>MLI_Jobs_MassLoveIn</li>
      <li>MLI_Jobs_SingleLoveIn</li>
    </targetJobs>
    <priority>10500</priority>
  </FacialAnimation.FaceAnimationDef>
</Defs>