﻿<?xml version="1.0" encoding="utf-8" ?>

<Defs>
  <FacialAnimation.FaceAnimationDef>
    <defName>Horan_Research</defName>
	<raceName>Horan</raceName>
    <animationFrames>
      <li>
        <duration>10</duration>
        <lidOffset>(0,0,-0.005)</lidOffset>
        <headOffset>(0,0,-0.01)</headOffset>
        <browShapeDef>flat</browShapeDef>
        <mouthShapeDef>normal</mouthShapeDef>
        <mouthOffset>(0,0,-0.00375)</mouthOffset>
      </li>
    </animationFrames>
    <targetJobs>
      <li>Research</li>
    </targetJobs>
    <priority>10001</priority>
    <applyWhenStandingOnly>true</applyWhenStandingOnly>
  </FacialAnimation.FaceAnimationDef>

  <FacialAnimation.FaceAnimationDef>
    <defName>Horan_Research2</defName>
	<raceName>Horan</raceName>
    <animationFrames>
      <li>
        <duration>4</duration>
        <browOffset>(0,0,0.00325)</browOffset>
        <lidOffset>(0,0,0.00625)</lidOffset>
        <headOffset>(0,0,0.005)</headOffset>
        <browShapeDef>normal</browShapeDef>
        <mouthShapeDef>open</mouthShapeDef>
      </li>
      <li>
        <duration>40</duration>
        <browOffset>(0,0,0.00625)</browOffset>
        <lidOffset>(0,0,0.00875)</lidOffset>
        <headOffset>(0,0,0.01)</headOffset>
        <browShapeDef>normal</browShapeDef>
        <mouthOffset>(0,0,0.0025)</mouthOffset>
        <mouthShapeDef>open</mouthShapeDef>
      </li>
      <li>
        <duration>3</duration>
        <browOffset>(0,0,0.00625)</browOffset>
        <lidOffset>(0,0,0.00875)</lidOffset>
        <headOffset>(0,0,0.01)</headOffset>
        <lidShapeDef>close</lidShapeDef>
        <browShapeDef>normal</browShapeDef>
        <mouthOffset>(0,0,0.0025)</mouthOffset>
        <mouthShapeDef>open</mouthShapeDef>
      </li>
      <li>
        <duration>20</duration>
        <browOffset>(0,0,0.00625)</browOffset>
        <lidOffset>(0,0,0.00875)</lidOffset>
        <headOffset>(0,0,0.01)</headOffset>
        <browShapeDef>normal</browShapeDef>
        <mouthOffset>(0,0,0.0025)</mouthOffset>
        <mouthShapeDef>open</mouthShapeDef>
      </li>
      <li>
        <duration>3</duration>
        <browOffset>(0,0,0.00625)</browOffset>
        <lidOffset>(0,0,0.00875)</lidOffset>
        <headOffset>(0,0,0.01)</headOffset>
        <lidShapeDef>close</lidShapeDef>
        <browShapeDef>normal</browShapeDef>
        <mouthOffset>(0,0,0.0025)</mouthOffset>
        <mouthShapeDef>open</mouthShapeDef>
      </li>
      <li>
        <duration>40</duration>
        <browOffset>(0,0,0.00625)</browOffset>
        <lidOffset>(0,0,0.00875)</lidOffset>
        <headOffset>(0,0,0.01)</headOffset>
        <browShapeDef>normal</browShapeDef>
        <mouthOffset>(0,0,0.0025)</mouthOffset>
        <mouthShapeDef>open</mouthShapeDef>
      </li>
      <li>
        <duration>8</duration>
        <browOffset>(0,0,0.00325)</browOffset>
        <lidOffset>(0,0,0.00625)</lidOffset>
        <headOffset>(0,0,0.005)</headOffset>
        <browShapeDef>normal</browShapeDef>
        <mouthShapeDef>open</mouthShapeDef>
      </li>
    </animationFrames>
    <roopIntervalMin>900</roopIntervalMin>
    <roopIntervalMax>1200</roopIntervalMax>
    <targetJobs>
      <li>Research</li>
    </targetJobs>
    <priority>10002</priority>
    <applyWhenStandingOnly>true</applyWhenStandingOnly>
  </FacialAnimation.FaceAnimationDef>
</Defs>