﻿<?xml version="1.0" encoding="utf-8" ?>

<Defs>
  <FacialAnimation.FaceAnimationDef>
    <defName>Horan_SocialRelax</defName>
	<raceName>Horan</raceName>
    <animationFrames>
      <li>
        <duration>1</duration>
        <browShapeDef>normal</browShapeDef>
        <lidShapeDef>close</lidShapeDef>
      </li>
    </animationFrames>
    <targetJobs>
      <li>SocialRelax</li>
    </targetJobs>
    <priority>10200</priority>
  </FacialAnimation.FaceAnimationDef>
  
  <FacialAnimation.FaceAnimationDef>
    <defName>Horan_Spirit_SocialRelax</defName>
	<raceName>Horan_Spirit</raceName>
    <animationFrames>
      <li>
        <duration>1</duration>
        <browShapeDef>normal</browShapeDef>
        <lidShapeDef>close</lidShapeDef>
      </li>
    </animationFrames>
    <targetJobs>
      <li>SocialRelax</li>
    </targetJobs>
    <priority>10200</priority>
  </FacialAnimation.FaceAnimationDef>
</Defs>