﻿<?xml version="1.0" encoding="utf-8" ?>

<Defs>
  <FacialAnimation.FaceAnimationDef>
    <defName>Horan_StandAndBeSociallyActive</defName>
	<raceName>Horan</raceName>
    <animationFrames>
      <li>
        <duration>3</duration>
        <browShapeDef>normal</browShapeDef>
        <headOffset>(0.0,0,-0.0025)</headOffset>
        <mouthShapeDef>open</mouthShapeDef>
      </li>
      <li>
        <duration>3</duration>
        <browShapeDef>normal</browShapeDef>
        <headOffset>(0.0,0,-0.005)</headOffset>
        <mouthShapeDef>open</mouthShapeDef>
      </li>
      <li>
        <duration>3</duration>
        <browShapeDef>normal</browShapeDef>
        <headOffset>(0.0,0,0)</headOffset>
        <mouthShapeDef>normal</mouthShapeDef>
      </li>
    </animationFrames>
    <roopIntervalMin>0</roopIntervalMin>
    <roopIntervalMax>100</roopIntervalMax>
    <targetJobs>
      <li>StandAndBeSociallyActive</li>
    </targetJobs>
    <priority>10</priority>
    <applyWhenStandingOnly>true</applyWhenStandingOnly>
  </FacialAnimation.FaceAnimationDef>
  
  <FacialAnimation.FaceAnimationDef>
    <defName>Horan_Spirit_StandAndBeSociallyActive</defName>
	<raceName>Horan_Spirit</raceName>
    <animationFrames>
      <li>
        <duration>3</duration>
        <browShapeDef>normal</browShapeDef>
        <headOffset>(0.0,0,-0.0025)</headOffset>
        <mouthShapeDef>open</mouthShapeDef>
      </li>
      <li>
        <duration>3</duration>
        <browShapeDef>normal</browShapeDef>
        <headOffset>(0.0,0,-0.005)</headOffset>
        <mouthShapeDef>open</mouthShapeDef>
      </li>
      <li>
        <duration>3</duration>
        <browShapeDef>normal</browShapeDef>
        <headOffset>(0.0,0,0)</headOffset>
        <mouthShapeDef>normal</mouthShapeDef>
      </li>
    </animationFrames>
    <roopIntervalMin>0</roopIntervalMin>
    <roopIntervalMax>100</roopIntervalMax>
    <targetJobs>
      <li>StandAndBeSociallyActive</li>
    </targetJobs>
    <priority>10</priority>
    <applyWhenStandingOnly>true</applyWhenStandingOnly>
  </FacialAnimation.FaceAnimationDef>
</Defs>