﻿<?xml version="1.0" encoding="utf-8" ?>

<Defs>
  <FacialAnimation.FaceAnimationDef>
    <defName>Horan_Strip</defName>
	<raceName>Horan</raceName>
    <animationFrames>
      <li>
        <duration>10</duration>
        <lidOffset>(0,0,0.0)</lidOffset>
        <eyeballOffset>(-0.005,0,0.005)</eyeballOffset>
        <headShapeDef>blush</headShapeDef>
      </li>
      <li>
        <duration>10</duration>
        <lidOffset>(0,0,0.0)</lidOffset>
        <eyeballOffset>(0.005,0,0.005)</eyeballOffset>
        <headShapeDef>blush</headShapeDef>
      </li>
      <li>
        <duration>10</duration>
        <lidOffset>(0,0,0.0)</lidOffset>
        <eyeballOffset>(0,0,0.005)</eyeballOffset>
        <headShapeDef>blush</headShapeDef>
      </li>
    </animationFrames>
    <targetJobs>
      <li>Strip</li>
    </targetJobs>
    <priority>105</priority>
    <applyWhenStandingOnly>true</applyWhenStandingOnly>
    <roopIntervalMin>30 </roopIntervalMin>
    <roopIntervalMax>300</roopIntervalMax>
  </FacialAnimation.FaceAnimationDef>

  <FacialAnimation.FaceAnimationDef>
    <defName>Horan_Strip2</defName>
	<raceName>Horan</raceName>
    <animationFrames>
      <li>
        <duration>1</duration>
        <browShapeDef>s-shaped</browShapeDef>
        <lidShapeDef>normal</lidShapeDef>
        <mouthShapeDef>puzzle</mouthShapeDef>
        <headShapeDef>blush</headShapeDef>
      </li>
    </animationFrames>
    <targetJobs>
      <li>Strip</li>
    </targetJobs>
    <priority>106</priority>
    <applyWhenStandingOnly>true</applyWhenStandingOnly>
  </FacialAnimation.FaceAnimationDef>
  
  <!-- -->
  
    <FacialAnimation.FaceAnimationDef>
    <defName>Horan_Spirit_Strip</defName>
	<raceName>Horan_Spirit</raceName>
    <animationFrames>
      <li>
        <duration>10</duration>
        <lidOffset>(0,0,0.0)</lidOffset>
        <eyeballOffset>(-0.005,0,0.005)</eyeballOffset>
        <headShapeDef>blush</headShapeDef>
      </li>
      <li>
        <duration>10</duration>
        <lidOffset>(0,0,0.0)</lidOffset>
        <eyeballOffset>(0.005,0,0.005)</eyeballOffset>
        <headShapeDef>blush</headShapeDef>
      </li>
      <li>
        <duration>10</duration>
        <lidOffset>(0,0,0.0)</lidOffset>
        <eyeballOffset>(0,0,0.005)</eyeballOffset>
        <headShapeDef>blush</headShapeDef>
      </li>
    </animationFrames>
    <targetJobs>
      <li>Strip</li>
    </targetJobs>
    <priority>105</priority>
    <applyWhenStandingOnly>true</applyWhenStandingOnly>
    <roopIntervalMin>30 </roopIntervalMin>
    <roopIntervalMax>300</roopIntervalMax>
  </FacialAnimation.FaceAnimationDef>

  <FacialAnimation.FaceAnimationDef>
    <defName>Horan_Spirit_Strip2</defName>
	<raceName>Horan_Spirit</raceName>
    <animationFrames>
      <li>
        <duration>1</duration>
        <browShapeDef>s-shaped</browShapeDef>
        <lidShapeDef>normal</lidShapeDef>
        <mouthShapeDef>puzzle</mouthShapeDef>
        <headShapeDef>blush</headShapeDef>
      </li>
    </animationFrames>
    <targetJobs>
      <li>Strip</li>
    </targetJobs>
    <priority>106</priority>
    <applyWhenStandingOnly>true</applyWhenStandingOnly>
  </FacialAnimation.FaceAnimationDef>
</Defs>