﻿<?xml version="1.0" encoding="utf-8" ?>

<Defs>
  <FacialAnimation.FaceAnimationDef>
    <defName>Horan_Wait_Downed</defName>
	<raceName>Horan</raceName>
    <animationFrames>
      <li>
        <duration>2</duration>
        <browOffset>(0,0,0.005)</browOffset>
        <lidOffset>(0,0,0.005)</lidOffset>
        <headOffset>(0,0,0.005)</headOffset>
        <browShapeDef>flat</browShapeDef>
        <mouthOffset>(0,0,0.0015)</mouthOffset>
        <mouthShapeDef>open</mouthShapeDef>
      </li>
      <li>
        <duration>2</duration>
        <browOffset>(0,0,0.015)</browOffset>
        <lidOffset>(0,0,0.0075)</lidOffset>
        <headOffset>(0,0,0.01)</headOffset>
        <browShapeDef>flat</browShapeDef>
        <mouthOffset>(0,0,0.0025)</mouthOffset>
        <mouthShapeDef>surprise</mouthShapeDef>
      </li>
      <li>
        <duration>16</duration>
        <browOffset>(0,0,0.015)</browOffset>
        <lidOffset>(0,0,0.01)</lidOffset>
        <headOffset>(0,0,0.01)</headOffset>
        <browShapeDef>flat</browShapeDef>
        <mouthOffset>(0,0,0.0025)</mouthOffset>
        <mouthShapeDef>surprise</mouthShapeDef>
      </li>
      <li>
        <duration>6</duration>
        <browOffset>(0,0,0.005)</browOffset>
        <lidOffset>(0,0,0.005)</lidOffset>
        <headOffset>(0,0,0.005)</headOffset>
        <browShapeDef>flat</browShapeDef>
        <mouthOffset>(0,0,0.0015)</mouthOffset>
        <mouthShapeDef>open</mouthShapeDef>
      </li>
      <li>
        <duration>3</duration>
        <browOffset>(0,0,0.0075)</browOffset>
        <lidOffset>(0,0,0.005)</lidOffset>
        <headOffset>(0,0,0.005)</headOffset>
        <browShapeDef>flat</browShapeDef>
      </li>
    </animationFrames>
    <roopIntervalMin>0</roopIntervalMin>
    <roopIntervalMax>120</roopIntervalMax>
    <targetJobs>
      <li>Wait_Downed</li>
    </targetJobs>
    <priority>10000</priority>
    <applyWhenStandingOnly>true</applyWhenStandingOnly>
  </FacialAnimation.FaceAnimationDef>

  <FacialAnimation.FaceAnimationDef>
    <defName>Horan_Wait_Downed2</defName>
	<raceName>Horan</raceName>
    <animationFrames>
      <li>
        <duration>3</duration>
        <lidOffset>(0,0,0.005)</lidOffset>
        <browShapeDef>flat</browShapeDef>
      </li>
    </animationFrames>
    <targetJobs>
      <li>Wait_Downed</li>
    </targetJobs>
    <priority>10001</priority>
    <applyWhenStandingOnly>true</applyWhenStandingOnly>
  </FacialAnimation.FaceAnimationDef>
</Defs>