﻿<?xml version="1.0" encoding="utf-8" ?>

<Defs>
  <FacialAnimation.FaceAnimationDef>
    <defName>Horan_WaitCombat</defName>
	<raceName>Horan</raceName>
    <animationFrames>
      <li>
        <duration>1</duration>
        <browShapeDef>angled</browShapeDef>
        <mouthShapeDef>tight</mouthShapeDef>
      </li>
    </animationFrames>
    <targetJobs>
      <li>Wait_Combat</li>
    </targetJobs>
    <priority>10200</priority>
  </FacialAnimation.FaceAnimationDef>

  <FacialAnimation.FaceAnimationDef>
    <defName>Horan_Wait_Combat_Rare</defName>
	<raceName>Horan</raceName>
    <animationFrames>
      <li>
        <duration>15</duration>
        <browShapeDef>normal</browShapeDef>
      </li>
      <li>
        <duration>4</duration>
        <browOffset>(0,0,-0.00375)</browOffset>
        <browShapeDef>flat</browShapeDef>
        <lidShapeDef>half</lidShapeDef>
        <lidOffset>(0,0,-0.0025)</lidOffset>
        <headOffset>(0,0,-0.00625)</headOffset>
        <mouthShapeDef>open</mouthShapeDef>
      </li>
      <li>
        <duration>45</duration>
        <browOffset>(0,0,-0.01)</browOffset>
        <browShapeDef>s-shaped</browShapeDef>
        <lidShapeDef>close</lidShapeDef>
        <lidOffset>(0,0,-0.005)</lidOffset>
        <headOffset>(0,0,-0.0175)</headOffset>
        <mouthShapeDef>open</mouthShapeDef>
        <mouthOffset>(0,0,-0.005)</mouthOffset>
      </li>
      <li>
        <duration>30</duration>
        <browOffset>(0,0,-0.01)</browOffset>
        <browShapeDef>s-shaped</browShapeDef>
        <lidShapeDef>close</lidShapeDef>
        <lidOffset>(0,0,-0.005)</lidOffset>
        <headOffset>(0,0,-0.015)</headOffset>
        <mouthShapeDef>open</mouthShapeDef>
        <mouthOffset>(0,0,-0.005)</mouthOffset>
      </li>
      <li>
        <duration>7</duration>
        <browOffset>(0,0,-0.00375)</browOffset>
        <browShapeDef>s-shaped</browShapeDef>
        <lidShapeDef>close</lidShapeDef>
        <lidOffset>(0,0,-0.0025)</lidOffset>
        <headOffset>(0,0,-0.0085)</headOffset>
        <mouthShapeDef>open</mouthShapeDef>
      </li>
      <li>
        <duration>4</duration>
        <browShapeDef>flat</browShapeDef>
        <lidShapeDef>half</lidShapeDef>
        <mouthShapeDef>normal</mouthShapeDef>
      </li>
      <li>
        <duration>30</duration>
        <browShapeDef>normal</browShapeDef>
      </li>
    </animationFrames>
    <targetJobs>
      <li>Wait_Combat</li>
    </targetJobs>
    <priority>10301</priority>
    <roopIntervalMin>1000</roopIntervalMin>
    <roopIntervalMax>2000</roopIntervalMax>
  </FacialAnimation.FaceAnimationDef>
</Defs>