﻿<?xml version="1.0" encoding="utf-8" ?>

<Defs>

  <FacialAnimation.FaceAnimationDef>
    <defName>NLR-Blush</defName>
    <animationFrames>
      <li>
        <duration>30</duration>
        <headShapeDef>blush</headShapeDef>
      </li>
    </animationFrames>
    <targetJobs>
    </targetJobs>
  </FacialAnimation.FaceAnimationDef>

  <FacialAnimation.FaceAnimationDef>
    <defName>NLR-Hot</defName>
    <animationFrames>
      <li>
        <duration>30</duration>
        <headShapeDef>hot</headShapeDef>
      </li>
    </animationFrames>
    <targetJobs>
    </targetJobs>
  </FacialAnimation.FaceAnimationDef>

  <FacialAnimation.FaceAnimationDef>
    <defName>NLR-Cold</defName>
    <animationFrames>
      <li>
        <duration>30</duration>
        <headShapeDef>cold</headShapeDef>
      </li>
    </animationFrames>
    <targetJobs>
    </targetJobs>
  </FacialAnimation.FaceAnimationDef>

</Defs>