﻿<?xml version="1.0" encoding="utf-8" ?>

<Defs>

  <FacialAnimation.FaceAnimationDef>
    <defName>NLR-Open</defName>
    <animationFrames>
      <li>
        <duration>100</duration>
        <mouthShapeDef>open</mouthShapeDef>
      </li>
    </animationFrames>
    <targetJobs>
    </targetJobs>
  </FacialAnimation.FaceAnimationDef>

  <FacialAnimation.FaceAnimationDef>
    <defName>NLR-Smile</defName>
    <animationFrames>
      <li>
        <duration>100</duration>
        <mouthShapeDef>smile</mouthShapeDef>
      </li>
    </animationFrames>
    <targetJobs>
    </targetJobs>
  </FacialAnimation.FaceAnimationDef>

  <FacialAnimation.FaceAnimationDef>
    <defName>NLR-Tight</defName>
    <animationFrames>
      <li>
        <duration>100</duration>
        <mouthShapeDef>tight</mouthShapeDef>
      </li>
    </animationFrames>
    <targetJobs>
    </targetJobs>
  </FacialAnimation.FaceAnimationDef>

  <FacialAnimation.FaceAnimationDef>
    <defName>NLR-Sad</defName>
    <animationFrames>
      <li>
        <duration>100</duration>
        <mouthShapeDef>sad</mouthShapeDef>
      </li>
    </animationFrames>
    <targetJobs>
    </targetJobs>
  </FacialAnimation.FaceAnimationDef>

  <FacialAnimation.FaceAnimationDef>
    <defName>NLR-Surprise</defName>
    <animationFrames>
      <li>
        <duration>100</duration>
        <mouthShapeDef>surprise</mouthShapeDef>
      </li>
    </animationFrames>
    <targetJobs>
    </targetJobs>
  </FacialAnimation.FaceAnimationDef>

  <FacialAnimation.FaceAnimationDef>
    <defName>NLR-Puzzle</defName>
    <animationFrames>
      <li>
        <duration>100</duration>
        <mouthShapeDef>puzzle</mouthShapeDef>
      </li>
    </animationFrames>
    <targetJobs>
    </targetJobs>
  </FacialAnimation.FaceAnimationDef>

</Defs>