﻿<?xml version="1.0" encoding="utf-8" ?>

<Defs>

  <FacialAnimation.FaceAnimationDef>
    <defName>ReceivedAnAttack01</defName>
    <animationFrames>
      <li>
        <duration>4</duration>
        <headOffset>0,0,-0.005</headOffset>
        <lidShapeDef>half</lidShapeDef>
        <mouthOffset>0,0,-0.002</mouthOffset>
        <mouthShapeDef>normal</mouthShapeDef>
      </li>
      <li>
        <duration>3</duration>
        <headOffset>0,0,0.001</headOffset>
        <browShapeDef>flat</browShapeDef>
        <lidShapeDef>close</lidShapeDef>
        <mouthShapeDef>normal</mouthShapeDef>
      </li>
      <li>
        <duration>1</duration>
        <headOffset>0,0,0.005</headOffset>
        <browShapeDef>s-shaped</browShapeDef>
        <lidOffset>0,0,-0.002</lidOffset>
        <lidShapeDef>half</lidShapeDef>
        <mouthOffset>0,0,0.000</mouthOffset>
        <mouthShapeDef>normal</mouthShapeDef>
      </li>
      <li>
        <duration>3</duration>
        <headOffset>0,0,0.01</headOffset>
        <browShapeDef>s-shaped</browShapeDef>
        <browOffset>0,0,0.01</browOffset>
        <lidShapeDef>normal</lidShapeDef>
        <mouthOffset>0,0,0.001</mouthOffset>
        <mouthShapeDef>open</mouthShapeDef>
      </li>
      <li>
        <duration>3</duration>
        <headOffset>0,0,0.01</headOffset>
        <browShapeDef>s-shaped</browShapeDef>
        <browOffset>0,0,0.01</browOffset>
        <lidOffset>0,0,0.005</lidOffset>
        <lidShapeDef>normal</lidShapeDef>
        <mouthOffset>0,0,0.003</mouthOffset>
        <mouthShapeDef>surprise</mouthShapeDef>
      </li>
      <li>
        <duration>3</duration>
        <headOffset>0,0,0.01</headOffset>
        <browShapeDef>s-shaped</browShapeDef>
        <browOffset>0,0,0.01</browOffset>
        <lidShapeDef>normal</lidShapeDef>
        <mouthOffset>0,0,0.001</mouthOffset>
        <mouthShapeDef>surprise</mouthShapeDef>
      </li>
      <li>
        <duration>3</duration>
        <headOffset>0,0,0.01</headOffset>
        <browShapeDef>s-shaped</browShapeDef>
        <browOffset>0,0,0.01</browOffset>
        <lidShapeDef>normal</lidShapeDef>
        <mouthOffset>0,0,0.001</mouthOffset>
        <mouthShapeDef>surprise</mouthShapeDef>
      </li>
      <li>
        <duration>3</duration>
        <headOffset>0,0,0.01</headOffset>
        <browShapeDef>s-shaped</browShapeDef>
        <browOffset>0,0,0.01</browOffset>
        <lidOffset>0,0,0.005</lidOffset>
        <lidShapeDef>normal</lidShapeDef>
        <mouthOffset>0,0,0.003</mouthOffset>
        <mouthShapeDef>open</mouthShapeDef>
      </li>
      <li>
        <duration>3</duration>
        <headOffset>0,0,0.01</headOffset>
        <browShapeDef>s-shaped</browShapeDef>
        <browOffset>0,0,0.01</browOffset>
        <lidShapeDef>normal</lidShapeDef>
        <mouthOffset>0,0,0.001</mouthOffset>
        <mouthShapeDef>open</mouthShapeDef>
      </li>
      <li>
        <duration>1</duration>
        <headOffset>0,0,0.005</headOffset>
        <browShapeDef>s-shaped</browShapeDef>
        <lidOffset>0,0,-0.002</lidOffset>
        <lidShapeDef>half</lidShapeDef>
        <mouthOffset>0,0,0.000</mouthOffset>
        <mouthShapeDef>open</mouthShapeDef>
      </li>
      <li>
        <duration>3</duration>
        <headOffset>0,0,-0.005</headOffset>
        <lidShapeDef>close</lidShapeDef>
        <mouthOffset>0,0,-0.002</mouthOffset>
        <mouthShapeDef>normal</mouthShapeDef>
      </li>
      <li>
        <duration>3</duration>
        <lidShapeDef>half</lidShapeDef>
      </li>
    </animationFrames>
    <targetJobs>
    </targetJobs>
  </FacialAnimation.FaceAnimationDef>

</Defs>