﻿<?xml version="1.0" encoding="utf-8" ?>

<Defs>
  <FacialAnimation.EmotionTypeDef>
	  <defName>Horan_EmotionNormal</defName>
	  <raceName>Horan</raceName>
	  <texPath>Horan/Emotions/Normal</texPath>
    <shader>Map/Transparent</shader>
  </FacialAnimation.EmotionTypeDef>
  
  <FacialAnimation.EmotionTypeDef>
	  <defName>Horan_Spirit_EmotionNormal</defName>
	  <raceName>Horan_Spirit</raceName>
	  <texPath>Horan/Emotions/Normal</texPath>
    <shader>Map/Transparent</shader>
  </FacialAnimation.EmotionTypeDef>
</Defs>