﻿<?xml version="1.0" encoding="utf-8" ?>

<Defs>
  <FacialAnimation.HeadTypeDef>
	  <defName>Horan_Head01</defName>
	  <raceName>Horan</raceName>
	  <texPath>Horan/Heads_Blank/Normal</texPath>
	  <shader>Map/CutoutSkin</shader>
    <shaderColorOverride>Map/CutoutSkinOverlay</shaderColorOverride>
  </FacialAnimation.HeadTypeDef>
  
    <FacialAnimation.HeadTypeDef>
	  <defName>Horan_Spirit_Head01</defName>
	  <raceName>Horan_Spirit</raceName>
	  <texPath>Horan/Heads_Blank/Normal</texPath>
	  <shader>Map/CutoutSkin</shader>
    <shaderColorOverride>Map/CutoutSkinOverlay</shaderColorOverride>
  </FacialAnimation.HeadTypeDef>
</Defs>