﻿<?xml version="1.0" encoding="utf-8" ?>

<Defs>
  <FacialAnimation.MouthTypeDef>
	  <defName>Horan_Mouth</defName>
	  <raceName>Horan</raceName>
	  <texPath>Horan/Mouth/Normal</texPath>
	  <shader>Map/Transparent</shader>
  </FacialAnimation.MouthTypeDef>
  
    <FacialAnimation.MouthTypeDef>
	  <defName>Horan_Spirit_Mouth</defName>
	  <raceName>Horan_Spirit</raceName>
	  <texPath>Horan/Mouth/Normal</texPath>
	  <shader>Map/Transparent</shader>
  </FacialAnimation.MouthTypeDef>
</Defs>