﻿<?xml version="1.0" encoding="utf-8" ?>

<Defs>
  <FacialAnimation.SkinTypeDef>
	  <defName>Horan_SkinNormal</defName>
	  <raceName>Horan</raceName>
	  <texPath>Horan/Skins/Normal</texPath>
	  <shader>Map/CutoutSkin</shader>
  </FacialAnimation.SkinTypeDef>

  <FacialAnimation.SkinTypeDef>
	  <defName>Horan_SkinRightEye</defName>
	  <raceName>Horan</raceName>
	  <texPath>Horan/Skins/RightEye</texPath>
	  <shader>Map/Transparent</shader>
    <probability>0.05</probability>
  </FacialAnimation.SkinTypeDef>

  <FacialAnimation.SkinTypeDef>
    <defName>Horan_SkinLeftEye</defName>
	  <raceName>Horan</raceName>
    <texPath>Horan/Skins/LeftEye</texPath>
    <shader>Map/Transparent</shader>
    <probability>0.05</probability>
  </FacialAnimation.SkinTypeDef>

  <FacialAnimation.SkinTypeDef>
    <defName>Horan_SkinFreckled</defName>
	  <raceName>Horan</raceName>
    <texPath>Horan/Skins/Freckled</texPath>
    <shader>Map/Transparent</shader>
    <probability>0.2</probability>
  </FacialAnimation.SkinTypeDef>
  
  <!-- -->
  
    <FacialAnimation.SkinTypeDef>
	  <defName>Horan_Spirit_SkinNormal</defName>
	  <raceName>Horan_Spirit</raceName>
	  <texPath>Horan/Skins/Normal</texPath>
	  <shader>Map/CutoutSkin</shader>
  </FacialAnimation.SkinTypeDef>

  <FacialAnimation.SkinTypeDef>
	  <defName>Horan_Spirit_SkinRightEye</defName>
	  <raceName>Horan_Spirit</raceName>
	  <texPath>Horan/Skins/RightEye</texPath>
	  <shader>Map/Transparent</shader>
    <probability>0.05</probability>
  </FacialAnimation.SkinTypeDef>

  <FacialAnimation.SkinTypeDef>
    <defName>Horan_Spirit_SkinLeftEye</defName>
	  <raceName>Horan_Spirit</raceName>
    <texPath>Horan/Skins/LeftEye</texPath>
    <shader>Map/Transparent</shader>
    <probability>0.05</probability>
  </FacialAnimation.SkinTypeDef>

  <FacialAnimation.SkinTypeDef>
    <defName>Horan_Spirit_SkinFreckled</defName>
	  <raceName>Horan_Spirit</raceName>
    <texPath>Horan/Skins/Freckled</texPath>
    <shader>Map/Transparent</shader>
    <probability>0.2</probability>
  </FacialAnimation.SkinTypeDef>

</Defs>