﻿<?xml version="1.0" encoding="utf-8" ?>

<Defs>
  <FacialAnimation.SkinTypeDef>
	  <defName>SkinNormal</defName>
	  <texPath>Things/Pawn/FA-Experimentals/Skins/Normal</texPath>
	  <shader>Map/CutoutSkin</shader>
  </FacialAnimation.SkinTypeDef>

  <FacialAnimation.SkinTypeDef>
	  <defName>SkinRightEye</defName>
	  <texPath>Things/Pawn/FA-Experimentals/Skins/RightEye</texPath>
	  <shader>Map/Transparent</shader>
    <probability>0.05</probability>
  </FacialAnimation.SkinTypeDef>

  <FacialAnimation.SkinTypeDef>
    <defName>SkinLeftChin</defName>
    <texPath>Things/Pawn/FA-Experimentals/Skins/LeftChin</texPath>
    <shader>Map/Transparent</shader>
    <probability>0.05</probability>
  </FacialAnimation.SkinTypeDef>

  <FacialAnimation.SkinTypeDef>
    <defName>SkinFreckled</defName>
    <texPath>Things/Pawn/FA-Experimentals/Skins/Freckled</texPath>
    <shader>Map/Transparent</shader>
    <probability>0.2</probability>
  </FacialAnimation.SkinTypeDef>

  <FacialAnimation.SkinTypeDef>
    <defName>SkinFreckledCheek</defName>
    <texPath>Things/Pawn/FA-Experimentals/Skins/FreckledCheek</texPath>
    <shader>Map/Transparent</shader>
    <probability>0.2</probability>
  </FacialAnimation.SkinTypeDef>


</Defs>