﻿<?xml version="1.0" encoding="utf-8" ?>

<Defs>

  <FacialAnimation.FaceAnimationDef>
    <defName>Horan_normal</defName>
    <raceName>Horan</raceName>
    <animationFrames>
      <li>
        <duration>1</duration>
        <headShapeDef>normal</headShapeDef>
        <browShapeDef>normal</browShapeDef>
        <lidShapeDef>normal</lidShapeDef>
        <lidOptionShapeDef>normal</lidOptionShapeDef>
        <eyeballShapeDef>normal</eyeballShapeDef>
        <mouthShapeDef>normal</mouthShapeDef>
        <emotionShapeDef>normal</emotionShapeDef>
      </li>
    </animationFrames>
    <priority>0</priority>
  </FacialAnimation.FaceAnimationDef>

  <FacialAnimation.FaceAnimationDef>
    <defName>Horan_eyeMoving</defName>
    <raceName>Horan</raceName>
    <animationFrames>
      <li>
        <duration>15</duration>
        <eyeballOffset>(-0.01,0,0)</eyeballOffset>
      </li>
    </animationFrames>
    <priority>1002</priority>
    <roopIntervalMin>30 </roopIntervalMin>
    <roopIntervalMax>500</roopIntervalMax>
  </FacialAnimation.FaceAnimationDef>

  <FacialAnimation.FaceAnimationDef>
    <defName>Horan_eyeMoving2</defName>
    <raceName>Horan</raceName>
    <animationFrames>
      <li>
        <duration>15</duration>
        <eyeballOffset>(0.01,0,0)</eyeballOffset>
      </li>
    </animationFrames>
    <priority>1001</priority>
    <roopIntervalMin>30 </roopIntervalMin>
    <roopIntervalMax>500</roopIntervalMax>
  </FacialAnimation.FaceAnimationDef>

  <FacialAnimation.FaceAnimationDef>
    <defName>Horan_eyeFlicker</defName>
    <raceName>Horan</raceName>
    <animationFrames>
      <li>
        <duration>3</duration>
      </li>
    </animationFrames>
    <priority>1001</priority>
    <roopIntervalMin>10 </roopIntervalMin>
    <roopIntervalMax>30</roopIntervalMax>
  </FacialAnimation.FaceAnimationDef>

  <FacialAnimation.FaceAnimationDef>
    <defName>Horan_blink</defName>
    <raceName>Horan</raceName>
    <animationFrames>
      <li>
        <faceAnimationDef>NLR-Blink</faceAnimationDef>
      </li>
    </animationFrames>
    <roopIntervalMin>30 </roopIntervalMin>
    <roopIntervalMax>500</roopIntervalMax>
    <priority>1000</priority>
  </FacialAnimation.FaceAnimationDef>

  <FacialAnimation.FaceAnimationDef>
    <defName>Horan_NLR-Blink</defName>
    <raceName>Horan</raceName>
    <animationFrames>
      <li>
        <duration>3</duration>
        <browOffset>(0,0,-0.005)</browOffset>
        <lidOffset>(0,0,-0.005)</lidOffset>
      </li>
      <li>
        <duration>1</duration>
        <browOffset>(0,0,-0.0075)</browOffset>
        <lidShapeDef>half</lidShapeDef>
      </li>
      <li>
        <duration>9</duration>
        <browOffset>(0,0,-0.01)</browOffset>
        <lidShapeDef>close</lidShapeDef>
      </li>
      <li>
        <duration>2</duration>
        <browOffset>(0,0,-0.0075)</browOffset>
        <lidShapeDef>half</lidShapeDef>
      </li>
      <li>
        <duration>3</duration>
        <browOffset>(0,0,-0.005)</browOffset>
        <lidOffset>(0,0,-0.005)</lidOffset>
      </li>
    </animationFrames>
    <targetJobs></targetJobs> 
  </FacialAnimation.FaceAnimationDef>
  
  <!-- -->
  
    <FacialAnimation.FaceAnimationDef>
    <defName>Horan_Spirit_normal</defName>
    <raceName>Horan_Spirit</raceName>
    <animationFrames>
      <li>
        <duration>1</duration>
        <headShapeDef>normal</headShapeDef>
        <browShapeDef>normal</browShapeDef>
        <lidShapeDef>normal</lidShapeDef>
        <lidOptionShapeDef>normal</lidOptionShapeDef>
        <eyeballShapeDef>normal</eyeballShapeDef>
        <mouthShapeDef>normal</mouthShapeDef>
        <emotionShapeDef>normal</emotionShapeDef>
      </li>
    </animationFrames>
    <priority>0</priority>
  </FacialAnimation.FaceAnimationDef>

  <FacialAnimation.FaceAnimationDef>
    <defName>Horan_Spirit_eyeMoving</defName>
    <raceName>Horan_Spirit</raceName>
    <animationFrames>
      <li>
        <duration>15</duration>
        <eyeballOffset>(-0.01,0,0)</eyeballOffset>
      </li>
    </animationFrames>
    <priority>1002</priority>
    <roopIntervalMin>30 </roopIntervalMin>
    <roopIntervalMax>500</roopIntervalMax>
  </FacialAnimation.FaceAnimationDef>

  <FacialAnimation.FaceAnimationDef>
    <defName>Horan_Spirit_eyeMoving2</defName>
    <raceName>Horan_Spirit</raceName>
    <animationFrames>
      <li>
        <duration>15</duration>
        <eyeballOffset>(0.01,0,0)</eyeballOffset>
      </li>
    </animationFrames>
    <priority>1001</priority>
    <roopIntervalMin>30 </roopIntervalMin>
    <roopIntervalMax>500</roopIntervalMax>
  </FacialAnimation.FaceAnimationDef>

  <FacialAnimation.FaceAnimationDef>
    <defName>Horan_Spirit_eyeFlicker</defName>
    <raceName>Horan_Spirit</raceName>
    <animationFrames>
      <li>
        <duration>3</duration>
      </li>
    </animationFrames>
    <priority>1001</priority>
    <roopIntervalMin>10 </roopIntervalMin>
    <roopIntervalMax>30</roopIntervalMax>
  </FacialAnimation.FaceAnimationDef>

  <FacialAnimation.FaceAnimationDef>
    <defName>Horan_Spirit_blink</defName>
    <raceName>Horan_Spirit</raceName>
    <animationFrames>
      <li>
        <faceAnimationDef>NLR-Blink</faceAnimationDef>
      </li>
    </animationFrames>
    <roopIntervalMin>30 </roopIntervalMin>
    <roopIntervalMax>500</roopIntervalMax>
    <priority>1000</priority>
  </FacialAnimation.FaceAnimationDef>

  <FacialAnimation.FaceAnimationDef>
    <defName>Horan_Spirit_NLR-Blink</defName>
    <raceName>Horan_Spirit</raceName>
    <animationFrames>
      <li>
        <duration>3</duration>
        <browOffset>(0,0,-0.005)</browOffset>
        <lidOffset>(0,0,-0.005)</lidOffset>
      </li>
      <li>
        <duration>1</duration>
        <browOffset>(0,0,-0.0075)</browOffset>
        <lidShapeDef>half</lidShapeDef>
      </li>
      <li>
        <duration>9</duration>
        <browOffset>(0,0,-0.01)</browOffset>
        <lidShapeDef>close</lidShapeDef>
      </li>
      <li>
        <duration>2</duration>
        <browOffset>(0,0,-0.0075)</browOffset>
        <lidShapeDef>half</lidShapeDef>
      </li>
      <li>
        <duration>3</duration>
        <browOffset>(0,0,-0.005)</browOffset>
        <lidOffset>(0,0,-0.005)</lidOffset>
      </li>
    </animationFrames>
    <targetJobs></targetJobs> 
  </FacialAnimation.FaceAnimationDef>

</Defs>