﻿<?xml version="1.0" encoding="utf-8" ?>

<Defs>
  <FacialAnimation.FaceAnimationDef>
    <defName>Horan_painHigh</defName>
    <raceName>Horan</raceName>
    <animationFrames>
      <li>
        <duration>1</duration>
        <lidOptionShapeDef>tear</lidOptionShapeDef>
      </li>
    </animationFrames>
    <targetPainMin>0.4</targetPainMin>
    <targetPainMax>1.0</targetPainMax>
    <priority>100000</priority>
  </FacialAnimation.FaceAnimationDef>
  
  <FacialAnimation.FaceAnimationDef>
    <defName>Horan_Spirit_painHigh</defName>
    <raceName>Horan_Spirit</raceName>
    <animationFrames>
      <li>
        <duration>1</duration>
        <lidOptionShapeDef>tear</lidOptionShapeDef>
      </li>
    </animationFrames>
    <targetPainMin>0.4</targetPainMin>
    <targetPainMax>1.0</targetPainMax>
    <priority>100000</priority>
  </FacialAnimation.FaceAnimationDef>


</Defs>